Reduction Ratio,FDL
90,0.0
80,0.0
70,0.0
60,0.0
50,0.0
40,0.6666666666666666
30,0.6666666666666666
20,0.6666666666666666
10,0.6666666666666666
